Dataset,Model,Accuracy,Precision,Recall,F1 Score,ROC AUC
dropped_v3_lemmatized,PassiveAggressive,0.7923289525476237,0.7998784881496315,0.6814780763790665,0.7356654955920108,0.8607866043613707
