Dataset,Model,Accuracy,Precision,Recall,F1 Score,ROC AUC
dropped_v9_minimal_processing,PassiveAggressive,0.7982482789138222,0.8046099558974417,0.6934212187194296,0.7445732786875195,0.8528422909124663
