Dataset,Model,Accuracy,Precision,Recall,F1 Score,ROC AUC
dropped_v7_lowercase_words_only,PassiveAggressive,0.7924968779468359,0.7968973618590819,0.6862391953481064,0.7371565591474324,0.8601283192404687
