Dataset,Model,Accuracy,Precision,Recall,F1 Score,ROC AUC
dropped_v6_custom_stopwords,PassiveAggressive,0.7844771784114666,0.7838925111723867,0.6793650793650794,0.7277419471139657,0.8520653485565766
