Dataset,Model,Accuracy,Precision,Recall,F1 Score,ROC AUC
dropped_v10_lemma_stem_custom_stopwords,PassiveAggressive,0.7862699039738568,0.7865310632290461,0.6822740845513123,0.7300546206738188,0.8589322800771398
