Dataset,Model,Accuracy,Precision,Recall,F1 Score,ROC AUC
dropped_v2_no_emojis_mentions,PassiveAggressive,0.7930017868621737,0.7974581033572512,0.6870320603488921,0.7378577296088404,0.8601209019433318
