Dataset,Model,Accuracy,Precision,Recall,F1 Score,ROC AUC
dropped_v1_basic_clean,PassiveAggressive,0.7928330119246856,0.7941089763550255,0.6913892817853213,0.738876010051345,0.8585892300845572
