Dataset,Model,Accuracy,Precision,Recall,F1 Score,ROC AUC
dropped_v5_lemma_stem,PassiveAggressive,0.788288831686645,0.7821500507230527,0.694969354078265,0.7357498389417663,0.8620048954161105
