Dataset,Model,Accuracy,Precision,Recall,F1 Score,ROC AUC
dropped_v4_stemmed,PassiveAggressive,0.7899714838318708,0.7835843103500671,0.6981415998742732,0.7381789904296131,0.8625370864856847
