Dataset,Model,Accuracy,Precision,Recall,F1 Score,ROC AUC
kept_v9_minimal_processing,PassiveAggressive,0.7961344537815125,0.7988349936521495,0.6963143270848824,0.7437822982861112,0.8600820344847983
