Dataset,Model,Accuracy,Precision,Recall,F1 Score,ROC AUC
kept_v3_lemmatized,PassiveAggressive,0.7949253857714369,0.7927939293918846,0.700908233349705,0.7439366499276266,0.8625066439296629
