Dataset,Model,Accuracy,Precision,Recall,F1 Score,ROC AUC
kept_v5_lemma_stem,PassiveAggressive,0.7913987962943363,0.7934891526060139,0.689455917549563,0.7376364545834677,0.8622694925514167
