Dataset,Model,Accuracy,Precision,Recall,F1 Score,ROC AUC
kept_v1_basic_clean,PassiveAggressive,0.7952613791108383,0.8044491161741245,0.6854971115840682,0.740129108325857,0.8621301545820969
