Dataset,Model,Accuracy,Precision,Recall,F1 Score,ROC AUC
kept_v10_lemma_stem_custom_stopwords,PassiveAggressive,0.7880404151585066,0.7801268448575933,0.6989327283641664,0.7372098310774877,0.8634967740030414
