Dataset,Model,Accuracy,Precision,Recall,F1 Score,ROC AUC
kept_v2_no_emojis_mentions,PassiveAggressive,0.7947580241164476,0.7985350075683096,0.6922172587724427,0.7415123870640736,0.8622501144232331
