Dataset,Model,Accuracy,Precision,Recall,F1 Score,ROC AUC
kept_v7_lowercase_words_only,PassiveAggressive,0.7915654523774245,0.7883881833286228,0.6973555986933914,0.7399641293660121,0.8594652005728542
