Dataset,Model,Accuracy,Precision,Recall,F1 Score,ROC AUC
kept_v4_stemmed,PassiveAggressive,0.7935826824432544,0.7902764666936062,0.7005137560321508,0.7426465235515944,0.8614279281274454
