Dataset,Model,Accuracy,Precision,Recall,F1 Score,ROC AUC
kept_v6_custom_stopwords,PassiveAggressive,0.7953299606996451,0.7950860282474137,0.700395256916996,0.744016704951046,0.864567685670205
