Dataset,Model,Accuracy,Precision,Recall,F1 Score,ROC AUC
prepended_v10_lemma_stem_custom_stopwords,PassiveAggressive,0.7872785890868312,0.7625656625864515,0.7243226465503694,0.7428200847934645,0.8557873460910843
