Dataset,Model,Accuracy,Precision,Recall,F1 Score,ROC AUC
prepended_v3_lemmatized,PassiveAggressive,0.7859315045606048,0.769805235032499,0.7084543454345436,0.7372883090110236,0.857287494437027
