Dataset,Model,Accuracy,Precision,Recall,F1 Score,ROC AUC
prepended_v2_no_emojis_mentions,PassiveAggressive,0.786268204897305,0.7792893997748135,0.692974225994028,0.7330680583511985,0.8571836522771102
