Dataset,Model,Accuracy,Precision,Recall,F1 Score,ROC AUC
prepended_v1_basic_clean,PassiveAggressive,0.7857635791613925,0.7738126663079681,0.7005131227408455,0.7345335741572807,0.8562583444592791
