Dataset,Model,Accuracy,Precision,Recall,F1 Score,ROC AUC
prepended_v9_minimal_processing,PassiveAggressive,0.7859323540988806,0.7770779620827029,0.6961488291686312,0.7334411453808444,0.8564400682391337
