Dataset,Model,Accuracy,Precision,Recall,F1 Score,ROC AUC
prepended_v5_lemma_stem,PassiveAggressive,0.7891294498106945,0.7684665491616359,0.7203551783749804,0.743430002618165,0.8576583592938734
