Dataset,Model,Accuracy,Precision,Recall,F1 Score,ROC AUC
prepended_v4_stemmed,PassiveAggressive,0.790138984461945,0.770161111441977,0.7207512179789408,0.744458496073746,0.8580904168520991
