Dataset,Model,Accuracy,Precision,Recall,F1 Score,ROC AUC
prepended_v6_custom_stopwords,PassiveAggressive,0.784248852415379,0.7680527084641044,0.7052891717743204,0.734917192896939,0.8557623127132472
