Dataset,Model,Accuracy,Precision,Recall,F1 Score,ROC AUC
prepended_v7_lowercase_words_only,PassiveAggressive,0.7867726890435048,0.7808185515231821,0.6921813609932422,0.7333098837811317,0.8576138555110517
