Dataset,Model,Accuracy,Precision,Recall,F1 Score,ROC AUC
prepended_v9_minimal_processing,PassiveAggressive,0.7876154310132443,0.7934759819496402,0.6759201634449159,0.7294933546633185,0.8558930425752855
